{
  "spider": "https://oss4liview.moji.com/thd_file/2025/11/28/6b765637d974223e1dddaaef872d0191.jpg;md5;403a59bd559cc36fe67544e5de66e774",
  "wallpaper": "https://深色壁纸.xxooo.cf/",
  "sites": [
    {
      "key": "Alist",
      "name": "🌟小雅┃高清",
      "type": 3,
      "api": "csp_AListSh",
      "jar": "./libs/xiaoya_proxy.jar;md5;570655b58972bb0196ffc09fb07ba723",
      "searchable": 1,
      "quickSearch": 1,
      "filterable": 0,
      "ext": [
        {
          "name": "丫仙女",
          "server": "DOCKER_ADDRESS/",
          "startPage": "/",
          "search": true,
          "noPoster": true
        },
        {
          "name": "每日更新",
          "server": "DOCKER_ADDRESS/",
          "startPage": "/每日更新"
        },
        {
          "name": "丫的宝库",
          "server": "DOCKER_ADDRESS/",
          "startPage": "/",
          "filters": {
            "全部": ".",
            "国产剧": "((电视剧.*(国产|中国|华语|台湾|香港|港台))|(国产剧))",
            "国产电影": "(电影.*(国产|中国|华语|台湾|香港|港台))",
            "电视剧": "(电视剧|国产剧|美剧|韩剧)",
            "电影": "(电影)",
            "综艺": "(综艺|真人秀|脱口秀)",
            "纪录片": "(纪录片)"
          }
        },
        {
          "name": "电影",
          "server": "DOCKER_ADDRESS/",
          "startPage": "/电影"
        },
        {
          "name": "电视剧",
          "server": "DOCKER_ADDRESS/",
          "startPage": "/电视剧"
        },
        {
          "name": "短剧",
          "server": "DOCKER_ADDRESS/",
          "startPage": "/每日更新/爽文短剧"
        },
        {
          "name": "综艺",
          "server": "DOCKER_ADDRESS/",
          "startPage": "/综艺"
        },
        {
          "name": "纪录片",
          "server": "DOCKER_ADDRESS/",
          "startPage": "/纪录片"
        },
        {
          "name": "动漫",
          "server": "DOCKER_ADDRESS/",
          "startPage": "/动漫/合集（115）"
        },
        {
          "name": "儿童",
          "server": "DOCKER_ADDRESS/",
          "startPage": "/动漫/儿童"
        }
      ]
    },
    {
      "key": "豆",
      "name": "豆瓣荐片",
      "type": 3,
      "api": "csp_DouDouGuard",
      "indexs": 1,
      "searchable": 0,
      "quickSearch": 0,
      "changeable": 0
    },
    {
      "key": "MyDrive",
      "name": "🗂我的云盘┃我配置",
      "type": 3,
      "api": "csp_MyDriveGuard",
      "changeable": 0,
      "indexs": 0,
      "searchable": 1,
      "style": {
        "type": "oval"
      },
      "ext": {
        "Cloud-drive": "tvfan/Cloud-drive.txt"
      }
    },
    {
      "key": "玩偶",
      "name": "👽玩偶哥哥┃4K弹幕",
      "type": 3,
      "api": "csp_WoGGGuard",
      "timeout": 30,
      "searchable": 1,
      "quickSearch": 1,
      "changeable": 0,
      "ext": {
        "Cloud-drive": "tvfan/Cloud-drive.txt",
        "from": "4k|auto"
      }
    },
    {
      "key": "YGP",
      "name": "🚀叨观荐影┃预告片",
      "type": 3,
      "api": "csp_YGPGuard",
      "searchable": 0,
      "quickSearch": 0,
      "changeable": 0
    },
    {
      "key": "alllive",
      "name": "📽️一直播┃直播",
      "type": 3,
      "api": "csp_AllliveGuard",
      "playerType": 2,
      "searchable": 0,
      "quickSearch": 0,
      "changeable": 0
    },
    {
      "key": "seed",
      "name": "💡聚剧剧┃三盘",
      "type": 3,
      "api": "csp_SeedhubGuard",
      "ext": "5++kwLhNYm9UrO9wh7Dl7eKamTee4s/5",
      "searchable": 1,
      "quickSearch": 1,
      "changeable": 0,
      "indexs": 0,
      "style": {
        "type": "list"
      }
    },
    {
      "key": "立播",
      "name": "🌟立播┃秒播",
      "type": 3,
      "api": "csp_LibvioGuard",
      "timeout": 10,
      "searchable": 1,
      "quickSearch": 1,
      "changeable": 1,
      "ext": {
        "Cloud-drive": "tvfan/Cloud-drive.txt",
        "from": "4k|auto"
      }
    },
    {
      "key": "厂长",
      "name": "📔厂长┃秒播",
      "type": 3,
      "api": "csp_NewCzGuard",
      "timeout": 10,
      "playerType": 2,
      "searchable": 1,
      "quickSearch": 1,
      "changeable": 1
    },
    {
      "key": "苹果",
      "name": "🍎苹果┃秒播",
      "type": 3,
      "api": "csp_LiteAppleGuard",
      "timeout": 10,
      "searchable": 1,
      "quickSearch": 1,
      "changeable": 1
    },
    {
      "key": "文采",
      "name": "💮文采┃秒播",
      "type": 3,
      "api": "csp_JpysGuard",
      "timeout": 10,
      "playerType": 2,
      "searchable": 1,
      "quickSearch": 1,
      "changeable": 1
    },
    {
      "key": "原创",
      "name": "☀原创┃秒播",
      "type": 3,
      "api": "csp_YCyzGuard",
      "timeout": 15,
      "playerType": 1,
      "searchable": 1,
      "quickSearch": 1,
      "changeable": 1
    },
    {
      "key": "比特",
      "name": "🍄比特┃秒播",
      "type": 3,
      "api": "csp_BttwooGuard",
      "timeout": 10,
      "searchable": 1,
      "quickSearch": 1,
      "changeable": 1
    },
    {
      "key": "热播",
      "name": "📺热播┃多线",
      "type": 3,
      "api": "csp_AppTTGuard",
      "timeout": 10,
      "playerType": 2,
      "searchable": 1,
      "quickSearch": 1,
      "changeable": 1,
      "ext": "uqGL1bNENExT7/hGxpSE5qU="
    },
    {
      "key": "剧圈",
      "name": "🐻剧圈┃多线",
      "type": 3,
      "api": "csp_JqqGuard",
      "timeout": 10,
      "searchable": 1,
      "quickSearch": 1,
      "changeable": 1
    },
    {
      "key": "下饭",
      "name": "🍙下饭┃多线",
      "type": 3,
      "api": "csp_AppSxGuard",
      "timeout": 10,
      "searchable": 1,
      "quickSearch": 1,
      "changeable": 1,
      "ext": "rfOX1voDIQhH8epBwpmIsuS/sSCZ0NTh0TYsL4PsF1wEM1kc4mV87b9fc/FN//x7jUuaRvFX81tz8A=="
    },
    {
      "key": "鲸鱼",
      "name": "👀鲸鱼┃多线",
      "type": 3,
      "api": "csp_AppSxGuard",
      "timeout": 10,
      "searchable": 1,
      "quickSearch": 1,
      "changeable": 1,
      "ext": "rfOX1voDIQhH8epBwtCFsra0umqGnpe+lWNtKs6yVR1PMxpf9CY77fshTPNP+c5lnl6CWfxm7XYO7C1p"
    },
    {
      "key": "橘子",
      "name": "🍊橘子┃多线",
      "type": 3,
      "api": "csp_AppSxGuard",
      "timeout": 10,
      "searchable": 1,
      "quickSearch": 1,
      "changeable": 1,
      "ext": "rfOb1uAWbkRHp7hdxprG9un3+TDC2t/rlTwlcMr+ChdbeV8Q9y9xsKxqfbtO0M05tGWcacFVm2c45jhyH6t1Rt6A6PjICGqxV+uN1uOqS2/x0Vp5J0Vfo8usQADpHg=="
    },
    {
      "key": "欢视",
      "name": "👓欢视┃多线",
      "type": 3,
      "api": "csp_AppTTGuard",
      "timeout": 10,
      "playerType": 2,
      "searchable": 1,
      "quickSearch": 1,
      "changeable": 1,
      "ext": "uqGL1bNENExT9fFAy5mE5qU="
    },
    {
      "key": "糯米",
      "name": "🍓糯米┃多线",
      "type": 3,
      "api": "csp_NmyswvGuard",
      "timeout": 15,
      "searchable": 1,
      "quickSearch": 1,
      "changeable": 1
    },
    {
      "key": "奥特",
      "name": "🏝奥特┃多线",
      "type": 3,
      "api": "csp_AueteGuard",
      "timeout": 10,
      "searchable": 1,
      "quickSearch": 1,
      "changeable": 1
    },
    {
      "key": "荐片",
      "name": "🐭荐片┃P2P",
      "type": 3,
      "api": "csp_JPJGuard",
      "timeout": 10,
      "playerType": 2,
      "searchable": 1,
      "quickSearch": 1,
      "changeable": 0
    },
    {
      "key": "新6V",
      "name": "🧲新6V┃磁力",
      "type": 3,
      "api": "csp_SixVGuard",
      "timeout": 10,
      "searchable": 1,
      "quickSearch": 1,
      "changeable": 0,
      "ext": "https://www.xb6v.com/"
    },
    {
      "key": "Dm84",
      "name": "🚌巴士┃动漫",
      "type": 3,
      "api": "csp_Dm84Guard",
      "timeout": 10,
      "searchable": 1,
      "quickSearch": 1,
      "changeable": 1
    },
    {
      "key": "Anime1",
      "name": "🐾日本┃动漫",
      "type": 3,
      "api": "csp_Anime1Guard",
      "timeout": 10,
      "searchable": 1,
      "quickSearch": 1,
      "changeable": 1
    },
    {
      "key": "超全",
      "name": "⚽超全┃看球",
      "type": 3,
      "api": "csp_ZbzGuard",
      "searchable": 0,
      "quickSearch": 0,
      "changeable": 0,
      "style": {
        "type": "list"
      },
      "ext": "uqGL1fpJNAUf8fdTwZCE5qSp+Q=="
    },
    {
      "key": "88",
      "name": "⚽88┃看球",
      "type": 3,
      "api": "csp_Sir88Guard",
      "timeout": 10,
      "searchable": 0,
      "changeable": 0,
      "style": {
        "type": "list"
      }
    },
    {
      "key": "看球",
      "name": "⚽手机┃看球",
      "type": 3,
      "api": "csp_KanqiuGuard",
      "timeout": 10,
      "searchable": 0,
      "changeable": 0,
      "style": {
        "type": "list"
      }
    },
    {
      "key": "MTV1",
      "name": "🎙️易听┃音乐",
      "type": 3,
      "api": "csp_MusicGuard",
      "style": {
        "type": "rect",
        "ratio": 1
      },
      "searchable": 1,
      "quickSearch": 0,
      "changeable": 0
    },
    {
      "key": "MTV",
      "name": "🎶明星┃MV",
      "type": 3,
      "api": "csp_BiliGuard",
      "style": {
        "type": "rect",
        "ratio": 1.597
      },
      "searchable": 0,
      "quickSearch": 0,
      "changeable": 0,
      "ext": {
        "json": "https://nos.netease.com/ysf/5af5fbe12a88b7c45aa1c21e6551826c.txt"
      }
    },
    {
      "key": "有声小说",
      "name": "🎧有声┃小说",
      "type": 3,
      "api": "csp_Tingshu275Guard",
      "style": {
        "type": "rect",
        "ratio": 1
      },
      "searchable": 0,
      "quickSearch": 0,
      "changeable": 0
    },
    {
      "key": "Aid",
      "name": "🚑急救┃教学",
      "type": 3,
      "api": "csp_FirstAidGuard",
      "searchable": 0,
      "quickSearch": 0,
      "changeable": 0,
      "style": {
        "type": "rect",
        "ratio": 3.8
      }
    },
    {
      "key": "虎牙直播js",
      "name": "🐯虎牙┃直播",
      "type": 3,
      "api": "https://git.yylx.win/https://raw.githubusercontent.com/fantaiying7/EXT/refs/heads/main/drpy2.js",
      "ext": "https://git.yylx.win/https://raw.githubusercontent.com/fantaiying7/EXT/refs/heads/main/huya2.js",
      "style": {
        "type": "rect",
        "ratio": 1.755
      },
      "timeout": 10,
      "playerType": "2",
      "searchable": 0,
      "quickSearch": 0,
      "changeable": 0
    },
    {
      "key": "斗鱼js",
      "name": "🐟斗鱼┃直播",
      "type": 3,
      "api": "https://git.yylx.win/https://raw.githubusercontent.com/fantaiying7/EXT/refs/heads/main/drpy2.min.js",
      "ext": "https://git.yylx.win/https://raw.githubusercontent.com/fantaiying7/EXT/refs/heads/main/斗鱼直播.js",
      "style": {
        "type": "rect",
        "ratio": 1.755
      },
      "timeout": 10,
      "playerType": "2",
      "searchable": 0,
      "quickSearch": 0,
      "changeable": 0
    },
    {
      "key": "抠搜",
      "name": "🍄抠抠┃搜搜",
      "type": 3,
      "api": "csp_KkSsGuard",
      "searchable": 1,
      "quickSearch": 1,
      "changeable": 0,
      "ext": {
        "Cloud-drive": "tvfan/Cloud-drive.txt",
        "from": "4k|auto"
      }
    },
    {
      "key": "UC",
      "name": "🌈优汐┃搜搜",
      "type": 3,
      "api": "csp_UuSsGuard",
      "searchable": 1,
      "quickSearch": 1,
      "changeable": 0,
      "ext": {
        "Cloud-drive": "tvfan/Cloud-drive.txt",
        "from": "4k|auto"
      }
    },
    {
      "key": "YiSo",
      "name": "😹易搜┃三盘",
      "type": 3,
      "api": "csp_YiSoGuard",
      "searchable": 1,
      "quickSearch": 1,
      "changeable": 0,
      "ext": {
        "Cloud-drive": "tvfan/Cloud-drive.txt",
        "from": "4k|auto",
        "yiSoCookie": "satoken=4437cb8c-a260-411b-9a0d-1fa622ab422f"
      }
    },
    {
      "key": "米搜",
      "name": "🦋米搜┃优夸",
      "type": 3,
      "api": "csp_MIPanSoGuard",
      "searchable": 1,
      "quickSearch": 1,
      "changeable": 0,
      "ext": {
        "Cloud-drive": "tvfan/Cloud-drive.txt",
        "from": "4k|auto"
      }
    },
    {
      "key": "xzso",
      "name": "👻盘他┃夸父",
      "type": 3,
      "api": "csp_XzsoGuard",
      "searchable": 1,
      "quickSearch": 1,
      "changeable": 0,
      "ext": {
        "Cloud-drive": "tvfan/Cloud-drive.txt",
        "from": "4k|auto"
      }
    },
    {
      "key": "YpanSo",
      "name": "🐟盘她┃夸父",
      "type": 3,
      "api": "csp_YpanSoGuard",
      "searchable": 1,
      "quickSearch": 1,
      "changeable": 0,
      "ext": {
        "Cloud-drive": "tvfan/Cloud-drive.txt",
        "from": "4k|auto"
      }
    },
    {
      "key": "push_agent",
      "name": "🛴手机┃推送",
      "type": 3,
      "api": "csp_PushGuard",
      "searchable": 0,
      "quickSearch": 0,
      "ext": {
        "Cloud-drive": "tvfan/Cloud-drive.txt",
        "from": "4k|auto"
      }
    },
    {
      "key": "Bili",
      "name": "🅱哔哔合集┃弹幕",
      "type": 3,
      "api": "csp_BiliGuard",
      "style": {
        "type": "rect",
        "ratio": 1.597
      },
      "searchable": 1,
      "quickSearch": 0,
      "changeable": 0,
      "ext": {
        "json": "https://nos.netease.com/ysf/0075389dca9afadd4614e9713765ff17.txt"
      }
    },
    {
      "key": "Biliych",
      "name": "🅱哔哔演唱会┃弹幕",
      "type": 3,
      "api": "csp_BiliGuard",
      "style": {
        "type": "rect",
        "ratio": 1.597
      },
      "searchable": 1,
      "quickSearch": 0,
      "changeable": 0,
      "ext": {
        "json": "https://nos.netease.com/ysf/6496356286589c68f52c2f99c0c674c7.txt"
      }
    },
    {
      "key": "dr_兔小贝",
      "name": "📚儿童┃启蒙",
      "type": 3,
      "api": "https://git.yylx.win/https://raw.githubusercontent.com/fantaiying7/EXT/refs/heads/main/drpy2.min.js",
      "ext": "https://git.yylx.win/https://raw.githubusercontent.com/fantaiying7/EXT/refs/heads/main/%E5%85%94%E5%B0%8F%E8%B4%9D.js",
      "style": {
        "type": "rect",
        "ratio": 1.597
      },
      "searchable": 0,
      "quickSearch": 0,
      "changeable": 0
    },
    {
      "key": "少儿教育",
      "name": "📚少儿┃教育",
      "type": 3,
      "api": "csp_BiliGuard",
      "style": {
        "type": "rect",
        "ratio": 1.597
      },
      "searchable": 0,
      "quickSearch": 0,
      "changeable": 0,
      "ext": {
        "json": "https://nos.netease.com/ysf/89370c8ddf36b5e1beb4d71adb921bda.txt"
      }
    },
    {
      "key": "小学课堂",
      "name": "📚小学┃课堂",
      "type": 3,
      "api": "csp_BiliGuard",
      "style": {
        "type": "rect",
        "ratio": 1.597
      },
      "searchable": 0,
      "quickSearch": 0,
      "changeable": 0,
      "ext": {
        "json": "https://nos.netease.com/ysf/d7a21cf34ede56f5c686ecfba5fc7e3f.txt"
      }
    },
    {
      "key": "初中课堂",
      "name": "📚初中┃课堂",
      "type": 3,
      "api": "csp_BiliGuard",
      "style": {
        "type": "rect",
        "ratio": 1.597
      },
      "searchable": 0,
      "quickSearch": 0,
      "changeable": 0,
      "ext": {
        "json": "https://nos.netease.com/ysf/8f55d520f8d70056695740ef151744a7.txt"
      }
    },
    {
      "key": "高中教育",
      "name": "📚高中┃课堂",
      "type": 3,
      "api": "csp_BiliGuard",
      "style": {
        "type": "rect",
        "ratio": 1.597
      },
      "searchable": 0,
      "quickSearch": 0,
      "changeable": 0,
      "ext": {
        "json": "https://nos.netease.com/ysf/c66a4b5356141c49fd45ec51568017b4.txt"
      }
    }
  ],
  "logo": "https://fs-im-kefu.7moor-fs1.com/ly/4d2c3f00-7d4c-11e5-af15-41bf63ae4ea0/a3cb3f8553ca2d67/1.5873679404696913E9.gif",
  "lives": [
    {
      "name": "我的私用",
      "type": 0,
      "url": "DOCKER_ADDRESS/tvbox/iptv.m3u",
      "playerType": 1,
      "ua": "okhttp/3.15",
      "epg": "http://epg.112114.xyz/?ch={name}&date={date}",
      "logo": "https://epg.112114.xyz/logo/{name}.png"
    },
    {
      "name": "范明明",
      "type": 0,
      "url": "https://ghfast.top/raw.githubusercontent.com/fanmingming/live/refs/heads/main/tv/m3u/ipv6.m3u",
      "playerType": 1,
      "ua": "okhttp/3.15",
      "epg": "http://epg.112114.xyz/?ch={name}&date={date}",
      "logo": "https://epg.112114.xyz/logo/{name}.png"
    },
    {
      "name": "冰茶",
      "type": 0,
      "url": "https://bc.188766.xyz/?ip=&mishitong=true&mima=mianfeibuhuaqian&json=true",
      "timeout": 10,
      "ua": "bingcha/1.1(mianfeifenxiang)"
    },
    {
      "name": "develop202",
      "type": 0,
      "url": "https://gh.llkk.cc/https://raw.githubusercontent.com/develop202/migu_video/refs/heads/main/interface.txt",
      "playerType": 2,
      "epg": "http://epg.51zmt.top:8000/api/diyp/?ch={name}&date={date}"
    },
    {
      "name": "范明明（需开启V6网络）",
      "type": 0,
      "url": "https://nos.netease.com/ysf/3d75a78a0fc7ede372c03598d6d10367.m3u",
      "playerType": 2
    },
    {
      "name": "虎牙一起看",
      "type": 0,
      "url": "https://sub.ottiptv.cc/huyayqk.m3u",
      "playerType": 2,
      "timeout": 10,
      "ua": "okHttp/Mod-1.4.0.0"
    },
    {
      "name": "斗鱼一起看",
      "type": 0,
      "url": "https://sub.ottiptv.cc/douyuyqk.m3u",
      "playerType": 2,
      "timeout": 10,
      "ua": "okHttp/Mod-1.4.0.0"
    },
    {
      "name": "B站直播",
      "type": 0,
      "url": "https://sub.ottiptv.cc/bililive.m3u",
      "playerType": 2,
      "timeout": 10,
      "ua": "okHttp/Mod-1.4.0.0"
    },
    {
      "name": "YY轮播",
      "type": 0,
      "url": "https://sub.ottiptv.cc/yylunbo.m3u",
      "playerType": 2,
      "timeout": 10,
      "ua": "okHttp/Mod-1.4.0.0"
    }
  ]
}